102.7.3,323 and subsections,903.3.1.2.4,912.5.5,5001.2.3
105.5.16.1,324 and subsections,903.3.5.3,913.1.1,5001.7 and subsections
105.5.16.2,401.3.4 and subsections,903.3.10,913.2.2.1,Table 5003.1.1(5)
105.5.16.3,408 and subsections,907.2.1.3,913.3.1.2,5003.2.2.3
105.5.22.1,409 and subsections,907.2.2.3,916.6.1,5003.2.4.3
"105.5.22.1.1 through
105.22.1.4",503.1.4,907.2.2.3.1,1001.1,5005.1.8.1
105.5.22.2,503.1.5,907.2.3.1,1032.2,5601.2.5 and subsections
105.5.22.3,503.2.3.1,907.2.6.4,1103.5.6,5601.2.6
105.5.22.4,503.2.6.1,907.6.1.1,1103.7.7,5607.11.1
105.5.22.5,503.3.1,907.6.1.2,1203.2.20,5607.12.1
105.5.22.6,503.3.2,907.6.1.3,1207.6.3,5607.16 and subsections
105.5.22.7,505.3,907.6.1.4,1207.6.2.4,5607.17
"105.5.22.7.1 through
105.5.22.7.11",505.3.1,907.6.7,"1207.6.5.1 through
1207.6.3",5607.18
308.5 and subsections,507.5.7,909.20.4.1,1207.1.8.3,"5703.4.1 to
5703.4.4.5.2"
308.6 and subsections,507.6 and subsections,909.20.4.2,"2312.1 through
2312.8.6",6303.1.1.2.1
308.7 and subsections,611 and subsections,909.20.4.3,2403.5,
316.7,903.2.2.3,912.4.1.1,5001.1.2,
